file_name,page,title,author,source,source_url,download_url,license,license_url,date_downloaded
japan-woman-kimono-ukiyo-e-kiyonaga.webp,/country/japan/; /de/land/japan/,"Pictures of Ten Styles (Jittaiga Fuzoku): A Young Woman with a Dog, ca. 1790–91",Torii Kiyonaga,The Metropolitan Museum of Art,https://www.metmuseum.org/art/collection/search/51998,https://images.metmuseum.org/CRDImages/as/original/DP124183.jpg,Public domain (CC0),https://creativecommons.org/publicdomain/zero/1.0/,2026-09-30
kimono-furisode-red.webp,/garment/kimono/; /de/kleidungsstueck/kimono/,"Long-Sleeved Robe (Furisode) with Phoenixes, Cherry Blossoms, Peonies, and Maple Branches, mid-19th century",Unknown artist (Japan),The Metropolitan Museum of Art,https://www.metmuseum.org/art/collection/search/785521,https://images.metmuseum.org/CRDImages/as/original/DP-21244-005.jpg,Public domain (CC0),https://creativecommons.org/publicdomain/zero/1.0/,2026-09-30
hanbok-red-jeogori-gyeongbokgung.webp,/country/south-korea/; /de/land/suedkorea/,Woman wearing Korean traditional dress at Gyeongbokgung Palace,Johen Redman,Unsplash,https://unsplash.com/photos/gUcrrDxJ5SQ,https://unsplash.com/photos/gUcrrDxJ5SQ/download?force=true,Unsplash License,https://unsplash.com/license,2026-09-30
hanbok-pastel-seoul-crosswalk.webp,/garment/hanbok/; /de/kleidungsstueck/hanbok/,A woman in traditional Korean clothing crosses the street in Seoul,Axel Heuillard,Unsplash,https://unsplash.com/photos/RhM3RJ26nFg,https://unsplash.com/photos/RhM3RJ26nFg/download?force=true,Unsplash License,https://unsplash.com/license,2026-09-30
china-womans-jacket-black-embroidered.webp,/country/china/; /de/land/china/,"Woman's Informal Jacket with Antiquities in Medallions, 19th century",Unknown artist (China),The Metropolitan Museum of Art,https://www.metmuseum.org/art/collection/search/42113,https://images.metmuseum.org/CRDImages/as/original/182732.jpg,Public domain (CC0),https://creativecommons.org/publicdomain/zero/1.0/,2026-09-30
qipao-red-floral-sleeveless.webp,/garment/qipao/; /de/kleidungsstueck/qipao/,"Red floral sleeveless qipao, ca. 1960",Dynasty (maker),Smithsonian National Museum of African American History and Culture,https://nmaahc.si.edu/object/nmaahc_2007.3.685,https://ids.si.edu/ids/deliveryService?id=NMAAHC-2007_3_685_001,Public domain (CC0),https://creativecommons.org/publicdomain/zero/1.0/,2026-09-30
sari-silk-brocade-18th-century.webp,/country/india/; /de/land/indien/,"Sari, 18th century",Unknown artist (India),The Metropolitan Museum of Art,https://www.metmuseum.org/art/collection/search/86164,https://images.metmuseum.org/CRDImages/as/original/CI45.28_d.jpg,Public domain (CC0),https://creativecommons.org/publicdomain/zero/1.0/,2026-09-30
sari-magenta-gold-paisley.webp,/garment/sari/; /de/kleidungsstueck/sari/,"Sari, ca. 1875",Unknown artist (India),The Metropolitan Museum of Art,https://www.metmuseum.org/art/collection/search/86157,https://images.metmuseum.org/CRDImages/as/original/1978.50.jpg,Public domain (CC0),https://creativecommons.org/publicdomain/zero/1.0/,2026-09-30
germany-munich-lederhosen-dirndl.webp,/country/germany/; /de/land/deutschland/,People in traditional Bavarian clothing standing on a city sidewalk in Munich,Vivian Arcidiacono,Unsplash,https://unsplash.com/photos/nOZFFnevINA,https://unsplash.com/photos/nOZFFnevINA/download?force=true,Unsplash License,https://unsplash.com/license,2026-09-30
dirndl-red-bodice-white-blouse.webp,/garment/dirndl/; /de/kleidungsstueck/dirndl/,Autumn Portrait in Traditional Dress,Ahmet Yüksek,Unsplash,https://unsplash.com/photos/RDLKuAwRoHA,https://unsplash.com/photos/RDLKuAwRoHA/download?force=true,Unsplash License,https://unsplash.com/license,2026-09-30
mexico-pink-embroidered-dress-sombrero.webp,/country/mexico/; /de/land/mexiko/,Mexican woman in a vibrant pink embroidered dress and sombrero,Alexis Quiroz Aguilar,Unsplash,https://unsplash.com/photos/Yvrr6MzS8Pg,https://unsplash.com/photos/Yvrr6MzS8Pg/download?force=true,Unsplash License,https://unsplash.com/license,2026-09-30
sarape-saltillo-wool.webp,/garment/sarape/; /de/kleidungsstueck/sarape/,"Serape, Saltillo, 1800–1850",Unknown artist (Saltillo),The Metropolitan Museum of Art,https://www.metmuseum.org/art/collection/search/318970,https://images.metmuseum.org/CRDImages/ao/original/hzTR_205_1_2002.jpg,Public domain (CC0),https://creativecommons.org/publicdomain/zero/1.0/,2026-09-30
nigeria-traditional-wedding-couple.webp,/country/nigeria/; /de/land/nigeria/,A man and woman wearing traditional clothing,Tope. A Asokere,Unsplash,https://unsplash.com/photos/nRrFmCS6vTE,https://unsplash.com/photos/nRrFmCS6vTE/download?force=true,Unsplash License,https://unsplash.com/license,2026-09-30
agbada-white-father-son.webp,/garment/agbada/; /de/kleidungsstueck/agbada/,Father and son in matching outfits by the sea,Emmanuel Black,Unsplash,https://unsplash.com/photos/Q9ijx--c9y0,https://unsplash.com/photos/Q9ijx--c9y0/download?force=true,Unsplash License,https://unsplash.com/license,2026-09-30
peru-women-spinning-yarn.webp,/country/peru/; /de/land/peru/,Woman in blue and red dress wearing red and white hat,Deb Dowd,Unsplash,https://unsplash.com/photos/JU04xdXUTV4,https://unsplash.com/photos/JU04xdXUTV4/download?force=true,Unsplash License,https://unsplash.com/license,2026-09-30
poncho-andean-striped-wool.webp,/garment/poncho/; /de/kleidungsstueck/poncho/,"Poncho, Quechua, 17th century (?)",Unknown artist (Quechua),The Metropolitan Museum of Art,https://www.metmuseum.org/art/collection/search/318164,https://images.metmuseum.org/CRDImages/ao/original/DP137349.jpg,Public domain (CC0),https://creativecommons.org/publicdomain/zero/1.0/,2026-09-30
